 Flow Duration, Total Fwd Packets, Total Backward Packets,Total Length of Fwd Packets,Total Length of Bwd Packets,Fwd Packet Length Mean,Fwd Packet Length Std,Bwd Packet Length Mean,Bwd Packet Length Std,Flow Bytes/s,Flow Packets/s,Flow IAT Mean,Flow IAT Std,Fwd IAT Mean,Bwd IAT Mean,SYN Flag Count,ACK Flag Count,RST Flag Count,PSH Flag Count,FIN Flag Count,URG Flag Count,Down/Up Ratio,Average Packet Size,Fwd Header Length,Bwd Header Length,Fwd IAT Std,Bwd IAT Std,Flow IAT Max, Label
4800,18,14,1580,1240,358.0,48.0,324.0,42.0,3890.0,26.0,44.0,14.0,39.0,41.0,1,14,0,3,1,0,0.82,440.0,380,340,11.0,13.0,115.0,BENIGN
4950,104,81,23400,17100,620.0,48.0,540.0,42.0,17800.0,132.0,44.0,14.0,39.0,41.0,10,75,6,3,1,0,0.82,440.0,380,340,11.0,13.0,115.0,DDoS
5100,104,81,23400,17100,620.0,48.0,540.0,42.0,17800.0,132.0,44.0,14.0,39.0,41.0,10,75,6,3,1,0,0.82,440.0,380,340,11.0,13.0,115.0,PortScan
5250,104,81,23400,17100,620.0,48.0,540.0,42.0,17800.0,132.0,44.0,14.0,39.0,41.0,10,75,6,3,1,0,0.82,440.0,380,340,11.0,13.0,115.0,Bot
5400,104,81,23400,17100,620.0,48.0,540.0,42.0,17800.0,132.0,44.0,14.0,39.0,41.0,10,75,6,3,1,0,0.82,440.0,380,340,11.0,13.0,115.0,FTP-Patator
5550,104,81,23400,17100,620.0,48.0,540.0,42.0,17800.0,132.0,44.0,14.0,39.0,41.0,10,75,6,3,1,0,0.82,440.0,380,340,11.0,13.0,115.0,Infiltration
5700,18,14,1580,1240,358.0,48.0,324.0,42.0,3890.0,26.0,44.0,14.0,39.0,41.0,1,14,0,3,1,0,0.82,440.0,380,340,11.0,13.0,115.0,BENIGN
5850,104,81,23400,17100,620.0,48.0,540.0,42.0,17800.0,132.0,44.0,14.0,39.0,41.0,10,75,6,3,1,0,0.82,440.0,380,340,11.0,13.0,115.0,DDoS
6000,104,81,23400,17100,620.0,48.0,540.0,42.0,17800.0,132.0,44.0,14.0,39.0,41.0,10,75,6,3,1,0,0.82,440.0,380,340,11.0,13.0,115.0,PortScan
6150,104,81,23400,17100,620.0,48.0,540.0,42.0,17800.0,132.0,44.0,14.0,39.0,41.0,10,75,6,3,1,0,0.82,440.0,380,340,11.0,13.0,115.0,Bot
6300,104,81,23400,17100,620.0,48.0,540.0,42.0,17800.0,132.0,44.0,14.0,39.0,41.0,10,75,6,3,1,0,0.82,440.0,380,340,11.0,13.0,115.0,FTP-Patator
6450,104,81,23400,17100,620.0,48.0,540.0,42.0,17800.0,132.0,44.0,14.0,39.0,41.0,10,75,6,3,1,0,0.82,440.0,380,340,11.0,13.0,115.0,Infiltration
6600,18,14,1580,1240,358.0,48.0,324.0,42.0,3890.0,26.0,44.0,14.0,39.0,41.0,1,14,0,3,1,0,0.82,440.0,380,340,11.0,13.0,115.0,BENIGN
6750,104,81,23400,17100,620.0,48.0,540.0,42.0,17800.0,132.0,44.0,14.0,39.0,41.0,10,75,6,3,1,0,0.82,440.0,380,340,11.0,13.0,115.0,DDoS
6900,104,81,23400,17100,620.0,48.0,540.0,42.0,17800.0,132.0,44.0,14.0,39.0,41.0,10,75,6,3,1,0,0.82,440.0,380,340,11.0,13.0,115.0,PortScan
7050,104,81,23400,17100,620.0,48.0,540.0,42.0,17800.0,132.0,44.0,14.0,39.0,41.0,10,75,6,3,1,0,0.82,440.0,380,340,11.0,13.0,115.0,Bot
7200,104,81,23400,17100,620.0,48.0,540.0,42.0,17800.0,132.0,44.0,14.0,39.0,41.0,10,75,6,3,1,0,0.82,440.0,380,340,11.0,13.0,115.0,FTP-Patator
7350,104,81,23400,17100,620.0,48.0,540.0,42.0,17800.0,132.0,44.0,14.0,39.0,41.0,10,75,6,3,1,0,0.82,440.0,380,340,11.0,13.0,115.0,Infiltration
7500,18,14,1580,1240,358.0,48.0,324.0,42.0,3890.0,26.0,44.0,14.0,39.0,41.0,1,14,0,3,1,0,0.82,440.0,380,340,11.0,13.0,115.0,BENIGN
7650,104,81,23400,17100,620.0,48.0,540.0,42.0,17800.0,132.0,44.0,14.0,39.0,41.0,10,75,6,3,1,0,0.82,440.0,380,340,11.0,13.0,115.0,DDoS
7800,104,81,23400,17100,620.0,48.0,540.0,42.0,17800.0,132.0,44.0,14.0,39.0,41.0,10,75,6,3,1,0,0.82,440.0,380,340,11.0,13.0,115.0,PortScan
7950,104,81,23400,17100,620.0,48.0,540.0,42.0,17800.0,132.0,44.0,14.0,39.0,41.0,10,75,6,3,1,0,0.82,440.0,380,340,11.0,13.0,115.0,Bot
8100,104,81,23400,17100,620.0,48.0,540.0,42.0,17800.0,132.0,44.0,14.0,39.0,41.0,10,75,6,3,1,0,0.82,440.0,380,340,11.0,13.0,115.0,FTP-Patator
8250,104,81,23400,17100,620.0,48.0,540.0,42.0,17800.0,132.0,44.0,14.0,39.0,41.0,10,75,6,3,1,0,0.82,440.0,380,340,11.0,13.0,115.0,Infiltration
8400,18,14,1580,1240,358.0,48.0,324.0,42.0,3890.0,26.0,44.0,14.0,39.0,41.0,1,14,0,3,1,0,0.82,440.0,380,340,11.0,13.0,115.0,BENIGN
8550,104,81,23400,17100,620.0,48.0,540.0,42.0,17800.0,132.0,44.0,14.0,39.0,41.0,10,75,6,3,1,0,0.82,440.0,380,340,11.0,13.0,115.0,DDoS
8700,104,81,23400,17100,620.0,48.0,540.0,42.0,17800.0,132.0,44.0,14.0,39.0,41.0,10,75,6,3,1,0,0.82,440.0,380,340,11.0,13.0,115.0,PortScan
8850,104,81,23400,17100,620.0,48.0,540.0,42.0,17800.0,132.0,44.0,14.0,39.0,41.0,10,75,6,3,1,0,0.82,440.0,380,340,11.0,13.0,115.0,Bot
9000,104,81,23400,17100,620.0,48.0,540.0,42.0,17800.0,132.0,44.0,14.0,39.0,41.0,10,75,6,3,1,0,0.82,440.0,380,340,11.0,13.0,115.0,FTP-Patator
9150,104,81,23400,17100,620.0,48.0,540.0,42.0,17800.0,132.0,44.0,14.0,39.0,41.0,10,75,6,3,1,0,0.82,440.0,380,340,11.0,13.0,115.0,Infiltration
