flow_duration,Header_Length,Rate,Srate,fin_flag_number,syn_flag_number,rst_flag_number,psh_flag_number,ack_flag_number,urg_flag_number,Tot sum,Min,Max,AVG,Std,Tot size,IAT,Number,Magnitue,Radius,Covariance,Variance,Weight,label
4.5,540,55.0,3650.0,1,1,0,4,18,0,2800.0,40.0,1200.0,450.0,85.0,2450.0,48.0,27,4000.0,64.0,12.0,45.0,0.88,BenignTraffic
4.7,540,345.0,28500.0,1,15,5,4,90,0,37500.0,40.0,1200.0,450.0,85.0,32200.0,48.0,142,4000.0,64.0,12.0,45.0,0.88,DDoS-UDP_Flood
4.9,540,345.0,28500.0,1,15,5,4,90,0,37500.0,40.0,1200.0,450.0,85.0,32200.0,48.0,142,4000.0,64.0,12.0,45.0,0.88,Recon-PortScan
5.1,540,345.0,28500.0,1,15,5,4,90,0,37500.0,40.0,1200.0,450.0,85.0,32200.0,48.0,142,4000.0,64.0,12.0,45.0,0.88,Mirai-greip_flood
5.3,540,345.0,28500.0,1,15,5,4,90,0,37500.0,40.0,1200.0,450.0,85.0,32200.0,48.0,142,4000.0,64.0,12.0,45.0,0.88,BruteForce
5.5,540,55.0,3650.0,1,1,0,4,18,0,2800.0,40.0,1200.0,450.0,85.0,2450.0,48.0,27,4000.0,64.0,12.0,45.0,0.88,BenignTraffic
5.7,540,345.0,28500.0,1,15,5,4,90,0,37500.0,40.0,1200.0,450.0,85.0,32200.0,48.0,142,4000.0,64.0,12.0,45.0,0.88,DDoS-UDP_Flood
5.9,540,345.0,28500.0,1,15,5,4,90,0,37500.0,40.0,1200.0,450.0,85.0,32200.0,48.0,142,4000.0,64.0,12.0,45.0,0.88,Recon-PortScan
6.1,540,345.0,28500.0,1,15,5,4,90,0,37500.0,40.0,1200.0,450.0,85.0,32200.0,48.0,142,4000.0,64.0,12.0,45.0,0.88,Mirai-greip_flood
6.3,540,345.0,28500.0,1,15,5,4,90,0,37500.0,40.0,1200.0,450.0,85.0,32200.0,48.0,142,4000.0,64.0,12.0,45.0,0.88,BruteForce
6.5,540,55.0,3650.0,1,1,0,4,18,0,2800.0,40.0,1200.0,450.0,85.0,2450.0,48.0,27,4000.0,64.0,12.0,45.0,0.88,BenignTraffic
6.7,540,345.0,28500.0,1,15,5,4,90,0,37500.0,40.0,1200.0,450.0,85.0,32200.0,48.0,142,4000.0,64.0,12.0,45.0,0.88,DDoS-UDP_Flood
6.9,540,345.0,28500.0,1,15,5,4,90,0,37500.0,40.0,1200.0,450.0,85.0,32200.0,48.0,142,4000.0,64.0,12.0,45.0,0.88,Recon-PortScan
7.1,540,345.0,28500.0,1,15,5,4,90,0,37500.0,40.0,1200.0,450.0,85.0,32200.0,48.0,142,4000.0,64.0,12.0,45.0,0.88,Mirai-greip_flood
7.300000000000001,540,345.0,28500.0,1,15,5,4,90,0,37500.0,40.0,1200.0,450.0,85.0,32200.0,48.0,142,4000.0,64.0,12.0,45.0,0.88,BruteForce
7.5,540,55.0,3650.0,1,1,0,4,18,0,2800.0,40.0,1200.0,450.0,85.0,2450.0,48.0,27,4000.0,64.0,12.0,45.0,0.88,BenignTraffic
7.7,540,345.0,28500.0,1,15,5,4,90,0,37500.0,40.0,1200.0,450.0,85.0,32200.0,48.0,142,4000.0,64.0,12.0,45.0,0.88,DDoS-UDP_Flood
7.9,540,345.0,28500.0,1,15,5,4,90,0,37500.0,40.0,1200.0,450.0,85.0,32200.0,48.0,142,4000.0,64.0,12.0,45.0,0.88,Recon-PortScan
8.1,540,345.0,28500.0,1,15,5,4,90,0,37500.0,40.0,1200.0,450.0,85.0,32200.0,48.0,142,4000.0,64.0,12.0,45.0,0.88,Mirai-greip_flood
8.3,540,345.0,28500.0,1,15,5,4,90,0,37500.0,40.0,1200.0,450.0,85.0,32200.0,48.0,142,4000.0,64.0,12.0,45.0,0.88,BruteForce
8.5,540,55.0,3650.0,1,1,0,4,18,0,2800.0,40.0,1200.0,450.0,85.0,2450.0,48.0,27,4000.0,64.0,12.0,45.0,0.88,BenignTraffic
8.7,540,345.0,28500.0,1,15,5,4,90,0,37500.0,40.0,1200.0,450.0,85.0,32200.0,48.0,142,4000.0,64.0,12.0,45.0,0.88,DDoS-UDP_Flood
8.9,540,345.0,28500.0,1,15,5,4,90,0,37500.0,40.0,1200.0,450.0,85.0,32200.0,48.0,142,4000.0,64.0,12.0,45.0,0.88,Recon-PortScan
9.100000000000001,540,345.0,28500.0,1,15,5,4,90,0,37500.0,40.0,1200.0,450.0,85.0,32200.0,48.0,142,4000.0,64.0,12.0,45.0,0.88,Mirai-greip_flood
9.3,540,345.0,28500.0,1,15,5,4,90,0,37500.0,40.0,1200.0,450.0,85.0,32200.0,48.0,142,4000.0,64.0,12.0,45.0,0.88,BruteForce
9.5,540,55.0,3650.0,1,1,0,4,18,0,2800.0,40.0,1200.0,450.0,85.0,2450.0,48.0,27,4000.0,64.0,12.0,45.0,0.88,BenignTraffic
9.7,540,345.0,28500.0,1,15,5,4,90,0,37500.0,40.0,1200.0,450.0,85.0,32200.0,48.0,142,4000.0,64.0,12.0,45.0,0.88,DDoS-UDP_Flood
9.9,540,345.0,28500.0,1,15,5,4,90,0,37500.0,40.0,1200.0,450.0,85.0,32200.0,48.0,142,4000.0,64.0,12.0,45.0,0.88,Recon-PortScan
10.100000000000001,540,345.0,28500.0,1,15,5,4,90,0,37500.0,40.0,1200.0,450.0,85.0,32200.0,48.0,142,4000.0,64.0,12.0,45.0,0.88,Mirai-greip_flood
10.3,540,345.0,28500.0,1,15,5,4,90,0,37500.0,40.0,1200.0,450.0,85.0,32200.0,48.0,142,4000.0,64.0,12.0,45.0,0.88,BruteForce
