dur,spkts,dpkts,sbytes,dbytes,sttl,dttl,swin,dwin,smean,dmean,sjit,djit,sinpkt,dinpkt,tcprtt,ct_dst_sport_ltm,ct_flw_http_mthd,attack_cat,label
1.2,25,22,2100,1850,64,62,255,255,100.0,96.0,12.0,10.0,15.0,14.0,0.045,2,0,Normal,0
1.3,100,88,16800,13600,64,62,255,255,210.0,198.0,12.0,10.0,15.0,14.0,0.045,17,1,Exploits,1
1.4,100,88,16800,13600,64,62,255,255,210.0,198.0,12.0,10.0,15.0,14.0,0.045,17,1,Reconnaissance,1
1.5,100,88,16800,13600,64,62,255,255,210.0,198.0,12.0,10.0,15.0,14.0,0.045,17,1,DoS,1
1.6,100,88,16800,13600,64,62,255,255,210.0,198.0,12.0,10.0,15.0,14.0,0.045,17,1,Backdoor,1
1.7,100,88,16800,13600,64,62,255,255,210.0,198.0,12.0,10.0,15.0,14.0,0.045,17,1,Shellcode,1
1.8,25,22,2100,1850,64,62,255,255,100.0,96.0,12.0,10.0,15.0,14.0,0.045,2,0,Normal,0
1.9,100,88,16800,13600,64,62,255,255,210.0,198.0,12.0,10.0,15.0,14.0,0.045,17,1,Exploits,1
2.0,100,88,16800,13600,64,62,255,255,210.0,198.0,12.0,10.0,15.0,14.0,0.045,17,1,Reconnaissance,1
2.1,100,88,16800,13600,64,62,255,255,210.0,198.0,12.0,10.0,15.0,14.0,0.045,17,1,DoS,1
2.2,100,88,16800,13600,64,62,255,255,210.0,198.0,12.0,10.0,15.0,14.0,0.045,17,1,Backdoor,1
2.3,100,88,16800,13600,64,62,255,255,210.0,198.0,12.0,10.0,15.0,14.0,0.045,17,1,Shellcode,1
2.4000000000000004,25,22,2100,1850,64,62,255,255,100.0,96.0,12.0,10.0,15.0,14.0,0.045,2,0,Normal,0
2.5,100,88,16800,13600,64,62,255,255,210.0,198.0,12.0,10.0,15.0,14.0,0.045,17,1,Exploits,1
2.6,100,88,16800,13600,64,62,255,255,210.0,198.0,12.0,10.0,15.0,14.0,0.045,17,1,Reconnaissance,1
2.7,100,88,16800,13600,64,62,255,255,210.0,198.0,12.0,10.0,15.0,14.0,0.045,17,1,DoS,1
2.8,100,88,16800,13600,64,62,255,255,210.0,198.0,12.0,10.0,15.0,14.0,0.045,17,1,Backdoor,1
2.9000000000000004,100,88,16800,13600,64,62,255,255,210.0,198.0,12.0,10.0,15.0,14.0,0.045,17,1,Shellcode,1
3.0,25,22,2100,1850,64,62,255,255,100.0,96.0,12.0,10.0,15.0,14.0,0.045,2,0,Normal,0
3.1,100,88,16800,13600,64,62,255,255,210.0,198.0,12.0,10.0,15.0,14.0,0.045,17,1,Exploits,1
3.2,100,88,16800,13600,64,62,255,255,210.0,198.0,12.0,10.0,15.0,14.0,0.045,17,1,Reconnaissance,1
3.3,100,88,16800,13600,64,62,255,255,210.0,198.0,12.0,10.0,15.0,14.0,0.045,17,1,DoS,1
3.4000000000000004,100,88,16800,13600,64,62,255,255,210.0,198.0,12.0,10.0,15.0,14.0,0.045,17,1,Backdoor,1
3.5,100,88,16800,13600,64,62,255,255,210.0,198.0,12.0,10.0,15.0,14.0,0.045,17,1,Shellcode,1
3.6000000000000005,25,22,2100,1850,64,62,255,255,100.0,96.0,12.0,10.0,15.0,14.0,0.045,2,0,Normal,0
3.7,100,88,16800,13600,64,62,255,255,210.0,198.0,12.0,10.0,15.0,14.0,0.045,17,1,Exploits,1
3.8,100,88,16800,13600,64,62,255,255,210.0,198.0,12.0,10.0,15.0,14.0,0.045,17,1,Reconnaissance,1
3.9000000000000004,100,88,16800,13600,64,62,255,255,210.0,198.0,12.0,10.0,15.0,14.0,0.045,17,1,DoS,1
4.0,100,88,16800,13600,64,62,255,255,210.0,198.0,12.0,10.0,15.0,14.0,0.045,17,1,Backdoor,1
4.1000000000000005,100,88,16800,13600,64,62,255,255,210.0,198.0,12.0,10.0,15.0,14.0,0.045,17,1,Shellcode,1
